<?xml version="1.0" encoding="UTF-8"?>

<Condition xmlns="http://hl7.org/fhir">
  <id value="ProbandCondition"/>
  <text>
    <status value="generated"/><div xmlns="http://www.w3.org/1999/xhtml"><p><b>Generated Narrative</b></p><p><b>code</b>: <span title="Codes: {http://purl.obolibrary.org/obo/hp.owl HP:0007240}">HP:0007240</span></p><p><b>subject</b>: <a href="Patient-Proband.html">Generated Summary: id: 3; gender: female</a></p></div>
  </text>
  <code>
    <coding>
      <system value="http://purl.obolibrary.org/obo/hp.owl"/>
      <code value="HP:0007240"/>
    </coding>
  </code>
  <subject>
    <reference value="Patient/Proband"/>
  </subject>
</Condition>