<?xml version="1.0" encoding="UTF-8"?><CodeSystem xmlns="http://hl7.org/fhir"><id value="LifeStatus"/><text><status value="generated"/><div xmlns="http://www.w3.org/1999/xhtml"><p>This code system http://ga4gh-cp.github.io/pedigree-fhir-ig/CodeSystem/LifeStatus defines the following codes:</p><table class="codes"><tr><td style="white-space:nowrap"><b>Code</b></td><td><b>Display</b></td></tr><tr><td style="white-space:nowrap">alive<a name="LifeStatus-alive"> </a></td><td>Alive</td></tr><tr><td style="white-space:nowrap">deceased<a name="LifeStatus-deceased"> </a></td><td>Deceased</td></tr><tr><td style="white-space:nowrap">unborn<a name="LifeStatus-unborn"> </a></td><td>Unborn</td></tr></table></div></text><url value="http://ga4gh-cp.github.io/pedigree-fhir-ig/CodeSystem/LifeStatus"/><version value="0.1.0"/><name value="LifeStatus"/><title value="Life Status"/><status value="active"/><date value="2021-02-11T16:33:59+10:00"/><publisher value="Global Alliance for Genomics and Health - Clinical and Phenotypic Data Capture Work Stream"/><contact><name value="Global Alliance for Genomics and Health - Clinical and Phenotypic Data Capture Work Stream"/><telecom><system value="url"/><value value="https://www.ga4gh.org/work_stream/clinical-phenotypic-data-capture-2/"/></telecom></contact><description value="The presumed/accepted life status of the individual as of the pedigree collection date; one of: alive, deceased, unborn."/><copyright value="[Global Alliance for Genomics and Health](https://www.ga4gh.org)"/><content value="complete"/><count value="3"/><concept><code value="alive"/><display value="Alive"/></concept><concept><code value="deceased"/><display value="Deceased"/></concept><concept><code value="unborn"/><display value="Unborn"/></concept></CodeSystem>