<?xml version="1.0" encoding="UTF-8"?><ImplementationGuide xmlns="http://hl7.org/fhir"><id value="ga4gh.fhir.pedigree"/><text><status value="extensions"/><div xmlns="http://www.w3.org/1999/xhtml"><h2>GA4GHPedigreeIG</h2><p>The official URL for this implementation guide is: </p><pre>http://ga4gh-cp.github.io/pedigree-fhir-ig/ImplementationGuide/ga4gh.fhir.pedigree</pre><div><p>FHIR implementation guide of the Global Alliance for Genomics and Health Pedigree standard.</p>
</div></div></text><url value="http://ga4gh-cp.github.io/pedigree-fhir-ig/ImplementationGuide/ga4gh.fhir.pedigree"/><version value="0.1.0"/><name value="GA4GHPedigreeIG"/><title value="GA4GH Pedigree FHIR Implementation Guide"/><status value="draft"/><date value="2021-02-10T16:41:10+10:00"/><publisher value="Global Alliance for Genomics and Health - Clinical and Phenotypic Data Capture Work Stream"/><contact><name value="Global Alliance for Genomics and Health - Clinical and Phenotypic Data Capture Work Stream"/><telecom><system value="url"/><value value="https://www.ga4gh.org/work_stream/clinical-phenotypic-data-capture-2/"/></telecom></contact><description value="FHIR implementation guide of the Global Alliance for Genomics and Health Pedigree standard."/><copyright value="[Global Alliance for Genomics and Health](https://www.ga4gh.org)"/><packageId value="ga4gh.fhir.pedigree"/><license value="CC0-1.0"/><fhirVersion value="4.0.1"/><dependsOn id="hl7_fhir_us_core"><uri value="http://hl7.org/fhir/us/core/ImplementationGuide/hl7.fhir.us.core"/><packageId value="hl7.fhir.us.core"/><version value="3.1.0"/></dependsOn><definition><extension url="http://hl7.org/fhir/tools/StructureDefinition/ig-parameter"><extension url="code"><valueString value="copyrightyear"/></extension><extension url="value"><valueString value="2021+"/></extension></extension><extension url="http://hl7.org/fhir/tools/StructureDefinition/ig-parameter"><extension url="code"><valueString value="releaselabel"/></extension><extension url="value"><valueString value="ci-build"/></extension></extension><extension url="http://hl7.org/fhir/tools/StructureDefinition/ig-parameter"><extension url="code"><valueString value="path-liquid"/></extension><extension url="value"><valueString value="template/liquid"/></extension></extension><extension url="http://hl7.org/fhir/tools/StructureDefinition/ig-parameter"><extension url="code"><valueString value="path-liquid"/></extension><extension url="value"><valueString value="input/liquid"/></extension></extension><extension url="http://hl7.org/fhir/tools/StructureDefinition/ig-parameter"><extension url="code"><valueString value="path-qa"/></extension><extension url="value"><valueString value="temp/qa"/></extension></extension><extension url="http://hl7.org/fhir/tools/StructureDefinition/ig-parameter"><extension url="code"><valueString value="path-temp"/></extension><extension url="value"><valueString value="temp/pages"/></extension></extension><extension url="http://hl7.org/fhir/tools/StructureDefinition/ig-parameter"><extension url="code"><valueString value="path-output"/></extension><extension url="value"><valueString value="output"/></extension></extension><extension url="http://hl7.org/fhir/tools/StructureDefinition/ig-parameter"><extension url="code"><valueString value="path-suppressed-warnings"/></extension><extension url="value"><valueString value="input/ignoreWarnings.txt"/></extension></extension><extension url="http://hl7.org/fhir/tools/StructureDefinition/ig-parameter"><extension url="code"><valueString value="path-history"/></extension><extension url="value"><valueString value="http://ga4gh-cp.github.io/pedigree-fhir-ig/history.html"/></extension></extension><extension url="http://hl7.org/fhir/tools/StructureDefinition/ig-parameter"><extension url="code"><valueString value="template-html"/></extension><extension url="value"><valueString value="template-page.html"/></extension></extension><extension url="http://hl7.org/fhir/tools/StructureDefinition/ig-parameter"><extension url="code"><valueString value="template-md"/></extension><extension url="value"><valueString value="template-page-md.html"/></extension></extension><extension url="http://hl7.org/fhir/tools/StructureDefinition/ig-parameter"><extension url="code"><valueString value="apply-contact"/></extension><extension url="value"><valueString value="true"/></extension></extension><extension url="http://hl7.org/fhir/tools/StructureDefinition/ig-parameter"><extension url="code"><valueString value="apply-context"/></extension><extension url="value"><valueString value="true"/></extension></extension><extension url="http://hl7.org/fhir/tools/StructureDefinition/ig-parameter"><extension url="code"><valueString value="apply-copyright"/></extension><extension url="value"><valueString value="true"/></extension></extension><extension url="http://hl7.org/fhir/tools/StructureDefinition/ig-parameter"><extension url="code"><valueString value="apply-jurisdiction"/></extension><extension url="value"><valueString value="true"/></extension></extension><extension url="http://hl7.org/fhir/tools/StructureDefinition/ig-parameter"><extension url="code"><valueString value="apply-license"/></extension><extension url="value"><valueString value="true"/></extension></extension><extension url="http://hl7.org/fhir/tools/StructureDefinition/ig-parameter"><extension url="code"><valueString value="apply-publisher"/></extension><extension url="value"><valueString value="true"/></extension></extension><extension url="http://hl7.org/fhir/tools/StructureDefinition/ig-parameter"><extension url="code"><valueString value="apply-version"/></extension><extension url="value"><valueString value="true"/></extension></extension><extension url="http://hl7.org/fhir/tools/StructureDefinition/ig-parameter"><extension url="code"><valueString value="active-tables"/></extension><extension url="value"><valueString value="true"/></extension></extension><grouping id="_str_profile"><name value="Structures: Resource Profiles"/><description value="These define constraints on FHIR resources for systems conforming to this implementation guide"/></grouping><grouping id="_str_extension"><name value="Structures: Extension Definitions"/><description value="These define constraints on FHIR data types for systems conforming to this implementation guide"/></grouping><grouping id="_term_valueset"><name value="Terminology: Value Sets"/><description value="These define sets of codes used by systems conforming to this implementation guide"/></grouping><grouping id="_term_codesystem"><name value="Terminology: Code Systems"/><description value="These define new code systems used by systems conforming to this implementation guide"/></grouping><grouping id="_ex_example"><name value="Example: Example Instances"/><description value="These are example instances that show what data produced and consumed by systems conforming with this implementation guide might look like"/></grouping><resource><extension url="http://hl7.org/fhir/StructureDefinition/implementationguide-page"><valueUri value="StructureDefinition-AffectedStatus.html"/></extension><reference><reference value="StructureDefinition/AffectedStatus"/></reference><name value="Affected Status"/><description value="Whether or not the individual is affected by the condition being investigated in this pedigree; included for PED backwards compatibility."/><exampleBoolean value="false"/><groupingId value="_str_profile"/></resource><resource><extension url="http://hl7.org/fhir/StructureDefinition/implementationguide-page"><valueUri value="StructureDefinition-Pedigree.html"/></extension><reference><reference value="StructureDefinition/Pedigree"/></reference><name value="Pedigree"/><description value="A Pedigree is collection of selected information about a family, including the individuals, relationships between them, and relevant health conditions."/><exampleBoolean value="false"/><groupingId value="_str_profile"/></resource><resource><extension url="http://hl7.org/fhir/StructureDefinition/implementationguide-page"><valueUri value="StructureDefinition-PedigreeIndividual.html"/></extension><reference><reference value="StructureDefinition/PedigreeIndividual"/></reference><name value="Pedigree Individual"/><description value="Represents and individual in a pedigree."/><exampleBoolean value="false"/><groupingId value="_str_profile"/></resource><resource><extension url="http://hl7.org/fhir/StructureDefinition/implementationguide-page"><valueUri value="StructureDefinition-PedigreeRelationship.html"/></extension><reference><reference value="StructureDefinition/PedigreeRelationship"/></reference><name value="Pedigree Relationship"/><description value="Represents a relationship between individuals in a pedigree."/><exampleBoolean value="false"/><groupingId value="_str_profile"/></resource><resource><extension url="http://hl7.org/fhir/StructureDefinition/implementationguide-page"><valueUri value="StructureDefinition-patient-lifeStatus.html"/></extension><reference><reference value="StructureDefinition/patient-lifeStatus"/></reference><name value="lifeStatus"/><description value="The life status of an individual as of the pedigree collection date."/><exampleBoolean value="false"/><groupingId value="_str_extension"/></resource><resource><extension url="http://hl7.org/fhir/StructureDefinition/implementationguide-page"><valueUri value="ValueSet-LifeStatus.html"/></extension><reference><reference value="ValueSet/LifeStatus"/></reference><name value="Life Status"/><description value="The presumed/accepted life status of the individual as of the pedigree collection date; one of: alive, deceased, unborn."/><exampleBoolean value="false"/><groupingId value="_term_valueset"/></resource><resource><extension url="http://hl7.org/fhir/StructureDefinition/implementationguide-page"><valueUri value="ValueSet-PedigreeRelationshipTypes.html"/></extension><reference><reference value="ValueSet/PedigreeRelationshipTypes"/></reference><name value="Pedigree Relationship Types"/><description value="The types of relationships between individuals in a pedigree."/><exampleBoolean value="false"/><groupingId value="_term_valueset"/></resource><resource><extension url="http://hl7.org/fhir/StructureDefinition/implementationguide-page"><valueUri value="CodeSystem-LifeStatus.html"/></extension><reference><reference value="CodeSystem/LifeStatus"/></reference><name value="Life Status"/><description value="The presumed/accepted life status of the individual as of the pedigree collection date; one of: alive, deceased, unborn."/><exampleBoolean value="false"/><groupingId value="_term_codesystem"/></resource><resource><extension url="http://hl7.org/fhir/StructureDefinition/implementationguide-page"><valueUri value="CodeSystem-SectionType.html"/></extension><reference><reference value="CodeSystem/SectionType"/></reference><name value="Section Type"/><description value="Represents the different types of sections in a pedigree."/><exampleBoolean value="false"/><groupingId value="_term_codesystem"/></resource><resource><extension url="http://hl7.org/fhir/StructureDefinition/implementationguide-page"><valueUri value="Patient-Abe.html"/></extension><reference><reference value="Patient/Abe"/></reference><name value="Abe"/><description value="Abe is Homer&#39;s father."/><exampleCanonical value="http://ga4gh-cp.github.io/pedigree-fhir-ig/StructureDefinition/PedigreeIndividual"/><groupingId value="_ex_example"/></resource><resource><extension url="http://hl7.org/fhir/StructureDefinition/implementationguide-page"><valueUri value="Observation-AffectedStatusFather.html"/></extension><reference><reference value="Observation/AffectedStatusFather"/></reference><name value="Affected Status Father"/><description value="The affected status of the father."/><exampleCanonical value="http://ga4gh-cp.github.io/pedigree-fhir-ig/StructureDefinition/AffectedStatus"/><groupingId value="_ex_example"/></resource><resource><extension url="http://hl7.org/fhir/StructureDefinition/implementationguide-page"><valueUri value="Observation-AffectedStatusMother.html"/></extension><reference><reference value="Observation/AffectedStatusMother"/></reference><name value="Affected Status Mother"/><description value="The affected status of the mother."/><exampleCanonical value="http://ga4gh-cp.github.io/pedigree-fhir-ig/StructureDefinition/AffectedStatus"/><groupingId value="_ex_example"/></resource><resource><extension url="http://hl7.org/fhir/StructureDefinition/implementationguide-page"><valueUri value="Observation-AffectedStatusProband.html"/></extension><reference><reference value="Observation/AffectedStatusProband"/></reference><name value="Affected Status Proband"/><description value="The affected status of the proband."/><exampleCanonical value="http://ga4gh-cp.github.io/pedigree-fhir-ig/StructureDefinition/AffectedStatus"/><groupingId value="_ex_example"/></resource><resource><extension url="http://hl7.org/fhir/StructureDefinition/implementationguide-page"><valueUri value="Patient-Bart.html"/></extension><reference><reference value="Patient/Bart"/></reference><name value="Bart"/><description value="Bart is the proband and consultand."/><exampleCanonical value="http://ga4gh-cp.github.io/pedigree-fhir-ig/StructureDefinition/PedigreeIndividual"/><groupingId value="_ex_example"/></resource><resource><extension url="http://hl7.org/fhir/StructureDefinition/implementationguide-page"><valueUri value="FamilyMemberHistory-BartHomerRelationship.html"/></extension><reference><reference value="FamilyMemberHistory/BartHomerRelationship"/></reference><name value="Bart-Homer Relationship"/><description value="The relationship between Bart and his father."/><exampleCanonical value="http://ga4gh-cp.github.io/pedigree-fhir-ig/StructureDefinition/PedigreeRelationship"/><groupingId value="_ex_example"/></resource><resource><extension url="http://hl7.org/fhir/StructureDefinition/implementationguide-page"><valueUri value="FamilyMemberHistory-BartMargeRelationship.html"/></extension><reference><reference value="FamilyMemberHistory/BartMargeRelationship"/></reference><name value="Bart-Marge Relationship"/><description value="The relationship between Bart and his mother."/><exampleCanonical value="http://ga4gh-cp.github.io/pedigree-fhir-ig/StructureDefinition/PedigreeRelationship"/><groupingId value="_ex_example"/></resource><resource><extension url="http://hl7.org/fhir/StructureDefinition/implementationguide-page"><valueUri value="Condition-BartsCondition.html"/></extension><reference><reference value="Condition/BartsCondition"/></reference><name value="Bart&#39;s condition"/><description value="Attention deficit hyperactivity disorder, the condition that triggered the collection of this pedigree."/><exampleBoolean value="true"/><groupingId value="_ex_example"/></resource><resource><extension url="http://hl7.org/fhir/StructureDefinition/implementationguide-page"><valueUri value="Practitioner-DrNick.html"/></extension><reference><reference value="Practitioner/DrNick"/></reference><name value="Dr Nick"/><description value="Dr Nick, author of this pedigree."/><exampleBoolean value="true"/><groupingId value="_ex_example"/></resource><resource><extension url="http://hl7.org/fhir/StructureDefinition/implementationguide-page"><valueUri value="Patient-Father.html"/></extension><reference><reference value="Patient/Father"/></reference><name value="Father"/><description value="The father in a trio."/><exampleCanonical value="http://ga4gh-cp.github.io/pedigree-fhir-ig/StructureDefinition/PedigreeIndividual"/><groupingId value="_ex_example"/></resource><resource><extension url="http://hl7.org/fhir/StructureDefinition/implementationguide-page"><valueUri value="Patient-Homer.html"/></extension><reference><reference value="Patient/Homer"/></reference><name value="Homer"/><description value="Homer is Bart&#39;s father and Marge&#39;s husband."/><exampleCanonical value="http://ga4gh-cp.github.io/pedigree-fhir-ig/StructureDefinition/PedigreeIndividual"/><groupingId value="_ex_example"/></resource><resource><extension url="http://hl7.org/fhir/StructureDefinition/implementationguide-page"><valueUri value="FamilyMemberHistory-HomerAbeRelationship.html"/></extension><reference><reference value="FamilyMemberHistory/HomerAbeRelationship"/></reference><name value="Homer-Abe Relationship"/><description value="The relationship between Homer and his father."/><exampleCanonical value="http://ga4gh-cp.github.io/pedigree-fhir-ig/StructureDefinition/PedigreeRelationship"/><groupingId value="_ex_example"/></resource><resource><extension url="http://hl7.org/fhir/StructureDefinition/implementationguide-page"><valueUri value="Patient-Marge.html"/></extension><reference><reference value="Patient/Marge"/></reference><name value="Marge"/><description value="Marge is Bart&#39;s mother and Homer&#39;s wife."/><exampleCanonical value="http://ga4gh-cp.github.io/pedigree-fhir-ig/StructureDefinition/PedigreeIndividual"/><groupingId value="_ex_example"/></resource><resource><extension url="http://hl7.org/fhir/StructureDefinition/implementationguide-page"><valueUri value="FamilyMemberHistory-MargeHomerRelationship.html"/></extension><reference><reference value="FamilyMemberHistory/MargeHomerRelationship"/></reference><name value="Marge-Homer Relationship"/><description value="The relationship between Marge and her husband."/><exampleCanonical value="http://ga4gh-cp.github.io/pedigree-fhir-ig/StructureDefinition/PedigreeRelationship"/><groupingId value="_ex_example"/></resource><resource><extension url="http://hl7.org/fhir/StructureDefinition/implementationguide-page"><valueUri value="Patient-Mother.html"/></extension><reference><reference value="Patient/Mother"/></reference><name value="Mother"/><description value="The mother in a trio."/><exampleCanonical value="http://ga4gh-cp.github.io/pedigree-fhir-ig/StructureDefinition/PedigreeIndividual"/><groupingId value="_ex_example"/></resource><resource><extension url="http://hl7.org/fhir/StructureDefinition/implementationguide-page"><valueUri value="Patient-Proband.html"/></extension><reference><reference value="Patient/Proband"/></reference><name value="Proband"/><description value="The proband in a trio."/><exampleCanonical value="http://ga4gh-cp.github.io/pedigree-fhir-ig/StructureDefinition/PedigreeIndividual"/><groupingId value="_ex_example"/></resource><resource><extension url="http://hl7.org/fhir/StructureDefinition/implementationguide-page"><valueUri value="FamilyMemberHistory-ProbandFatherRelationship.html"/></extension><reference><reference value="FamilyMemberHistory/ProbandFatherRelationship"/></reference><name value="Proband Father Relationship"/><description value="The relationship between the proband and her father."/><exampleCanonical value="http://ga4gh-cp.github.io/pedigree-fhir-ig/StructureDefinition/PedigreeRelationship"/><groupingId value="_ex_example"/></resource><resource><extension url="http://hl7.org/fhir/StructureDefinition/implementationguide-page"><valueUri value="FamilyMemberHistory-ProbandMotherRelationship.html"/></extension><reference><reference value="FamilyMemberHistory/ProbandMotherRelationship"/></reference><name value="Proband Mother Relationship"/><description value="The relationship between the proband and her mother."/><exampleCanonical value="http://ga4gh-cp.github.io/pedigree-fhir-ig/StructureDefinition/PedigreeRelationship"/><groupingId value="_ex_example"/></resource><resource><extension url="http://hl7.org/fhir/StructureDefinition/implementationguide-page"><valueUri value="Composition-SimpsonsPedigree.html"/></extension><reference><reference value="Composition/SimpsonsPedigree"/></reference><name value="Simpson&#39;s pedigree"/><description value="A pedigree of the Simpson&#39;s family."/><exampleCanonical value="http://ga4gh-cp.github.io/pedigree-fhir-ig/StructureDefinition/Pedigree"/><groupingId value="_ex_example"/></resource><resource><extension url="http://hl7.org/fhir/StructureDefinition/implementationguide-page"><valueUri value="CodeSystem-PedigreeRelationships.html"/></extension><reference><reference value="CodeSystem/PedigreeRelationships"/></reference><name value="Pedigree Relationships"/><description value="Code system for pedigree realtionship types."/><exampleBoolean value="false"/><groupingId value="_term_codesystem"/></resource><page><nameUrl value="toc.html"/><title value="Table of Contents"/><generation value="html"/><page><nameUrl value="index.html"/><title value="Home"/><generation value="markdown"/></page><page><nameUrl value="artifacts.html"/><title value="Artifacts Summary"/><generation value="html"/><page><nameUrl value="StructureDefinition-AffectedStatus.html"/><title value="Affected Status"/><generation value="generated"/></page><page><nameUrl value="StructureDefinition-Pedigree.html"/><title value="Pedigree"/><generation value="generated"/></page><page><nameUrl value="StructureDefinition-PedigreeIndividual.html"/><title value="Pedigree Individual"/><generation value="generated"/></page><page><nameUrl value="StructureDefinition-PedigreeRelationship.html"/><title value="Pedigree Relationship"/><generation value="generated"/></page><page><nameUrl value="StructureDefinition-patient-lifeStatus.html"/><title value="lifeStatus"/><generation value="generated"/></page><page><nameUrl value="ValueSet-LifeStatus.html"/><title value="Life Status"/><generation value="generated"/></page><page><nameUrl value="ValueSet-PedigreeRelationshipTypes.html"/><title value="Pedigree Relationship Types"/><generation value="generated"/></page><page><nameUrl value="CodeSystem-LifeStatus.html"/><title value="Life Status"/><generation value="generated"/></page><page><nameUrl value="CodeSystem-SectionType.html"/><title value="Section Type"/><generation value="generated"/></page><page><nameUrl value="CodeSystem-PedigreeRelationships.html"/><title value="Pedigree Relationships"/><generation value="generated"/></page><page><nameUrl value="Patient-Abe.html"/><title value="Abe"/><generation value="generated"/></page><page><nameUrl value="Observation-AffectedStatusFather.html"/><title value="Affected Status Father"/><generation value="generated"/></page><page><nameUrl value="Observation-AffectedStatusMother.html"/><title value="Affected Status Mother"/><generation value="generated"/></page><page><nameUrl value="Observation-AffectedStatusProband.html"/><title value="Affected Status Proband"/><generation value="generated"/></page><page><nameUrl value="Patient-Bart.html"/><title value="Bart"/><generation value="generated"/></page><page><nameUrl value="FamilyMemberHistory-BartHomerRelationship.html"/><title value="Bart-Homer Relationship"/><generation value="generated"/></page><page><nameUrl value="FamilyMemberHistory-BartMargeRelationship.html"/><title value="Bart-Marge Relationship"/><generation value="generated"/></page><page><nameUrl value="Condition-BartsCondition.html"/><title value="Bart&#39;s condition"/><generation value="generated"/></page><page><nameUrl value="Practitioner-DrNick.html"/><title value="Dr Nick"/><generation value="generated"/></page><page><nameUrl value="Patient-Father.html"/><title value="Father"/><generation value="generated"/></page><page><nameUrl value="Patient-Homer.html"/><title value="Homer"/><generation value="generated"/></page><page><nameUrl value="FamilyMemberHistory-HomerAbeRelationship.html"/><title value="Homer-Abe Relationship"/><generation value="generated"/></page><page><nameUrl value="Patient-Marge.html"/><title value="Marge"/><generation value="generated"/></page><page><nameUrl value="FamilyMemberHistory-MargeHomerRelationship.html"/><title value="Marge-Homer Relationship"/><generation value="generated"/></page><page><nameUrl value="Patient-Mother.html"/><title value="Mother"/><generation value="generated"/></page><page><nameUrl value="Patient-Proband.html"/><title value="Proband"/><generation value="generated"/></page><page><nameUrl value="FamilyMemberHistory-ProbandFatherRelationship.html"/><title value="Proband Father Relationship"/><generation value="generated"/></page><page><nameUrl value="FamilyMemberHistory-ProbandMotherRelationship.html"/><title value="Proband Mother Relationship"/><generation value="generated"/></page><page><nameUrl value="Composition-SimpsonsPedigree.html"/><title value="Simpson&#39;s pedigree"/><generation value="generated"/></page></page></page><parameter><code value="path-resource"/><value value="input/capabilities"/></parameter><parameter><code value="path-resource"/><value value="input/examples"/></parameter><parameter><code value="path-resource"/><value value="input/extensions"/></parameter><parameter><code value="path-resource"/><value value="input/models"/></parameter><parameter><code value="path-resource"/><value value="input/operations"/></parameter><parameter><code value="path-resource"/><value value="input/profiles"/></parameter><parameter><code value="path-resource"/><value value="input/resources"/></parameter><parameter><code value="path-resource"/><value value="input/vocabulary"/></parameter><parameter><code value="path-resource"/><value value="input/maps"/></parameter><parameter><code value="path-resource"/><value value="input/testing"/></parameter><parameter><code value="path-resource"/><value value="input/history"/></parameter><parameter><code value="path-resource"/><value value="fsh-generated/resources"/></parameter><parameter><code value="path-pages"/><value value="template/config"/></parameter><parameter><code value="path-pages"/><value value="input/images"/></parameter><parameter><code value="path-tx-cache"/><value value="input-cache/txcache"/></parameter></definition></ImplementationGuide>