<?xml version="1.0" encoding="UTF-8"?><ValueSet xmlns="http://hl7.org/fhir"><id value="LifeStatus"/><text><status value="generated"/><div xmlns="http://www.w3.org/1999/xhtml"><ul><li>Include all codes defined in <a href="CodeSystem-LifeStatus.html"><code>http://ga4gh-cp.github.io/pedigree-fhir-ig/CodeSystem/LifeStatus</code></a></li></ul></div></text><url value="http://ga4gh-cp.github.io/pedigree-fhir-ig/ValueSet/LifeStatus"/><version value="0.1.0"/><name value="LifeStatus"/><title value="Life Status"/><status value="active"/><date value="2021-02-11T16:33:59+10:00"/><publisher value="Global Alliance for Genomics and Health - Clinical and Phenotypic Data Capture Work Stream"/><contact><name value="Global Alliance for Genomics and Health - Clinical and Phenotypic Data Capture Work Stream"/><telecom><system value="url"/><value value="https://www.ga4gh.org/work_stream/clinical-phenotypic-data-capture-2/"/></telecom></contact><description value="The presumed/accepted life status of the individual as of the pedigree collection date; one of: alive, deceased, unborn."/><copyright value="[Global Alliance for Genomics and Health](https://www.ga4gh.org)"/><compose><include><system value="http://ga4gh-cp.github.io/pedigree-fhir-ig/CodeSystem/LifeStatus"/></include></compose></ValueSet>