<?xml version="1.0" encoding="UTF-8"?>

<Condition xmlns="http://hl7.org/fhir">
  <id value="FatherSecondCondition"/>
  <text>
    <status value="generated"/><div xmlns="http://www.w3.org/1999/xhtml"><p><b>Generated Narrative</b></p><p><b>code</b>: <span title="Codes: {http://purl.obolibrary.org/obo/hp.fhir HP:0002362}">HP:0002362</span></p><p><b>subject</b>: <a href="Patient-Father.html">Generated Summary: id: 2; gender: male</a></p></div>
  </text>
  <code>
    <coding>
      <system value="http://purl.obolibrary.org/obo/hp.fhir"/>
      <code value="HP:0002362"/>
    </coding>
  </code>
  <subject>
    <reference value="Patient/Father"/>
  </subject>
</Condition>