<?xml version="1.0" encoding="UTF-8"?>

<FamilyMemberHistory xmlns="http://hl7.org/fhir">
  <id value="BartHomerRelationship"/>
  <meta>
    <profile value="http://ga4gh-cp.github.io/pedigree-fhir-ig/StructureDefinition/PedigreeRelationship"/>
  </meta>
  <text>
    <status value="extensions"/><div xmlns="http://www.w3.org/1999/xhtml"><p><b>Generated Narrative</b></p><p><b>Patient Record</b>: <a href="Patient-Homer.html">Generated Summary: id: 2; gender: male; </a></p><p><b>identifier</b>: id: bart_homer</p><p><b>status</b>: completed</p><p><b>patient</b>: <a href="Patient-Bart.html">Generated Summary: id: 1; gender: female; </a></p><p><b>relationship</b>: <span title="Codes: {http://ga4gh-cp.github.io/pedigree-fhir-ig/CodeSystem/PedigreeRelationships REL:003}">Biological parent</span></p></div>
  </text>
  <extension url="http://hl7.org/fhir/StructureDefinition/familymemberhistory-patient-record">
    <valueReference>
      <reference value="Patient/Homer"/>
    </valueReference>
  </extension>
  <identifier>
    <system value="urn:fdc:sprinfieldlab.net:2021:id/relationship"/>
    <value value="bart_homer"/>
  </identifier>
  <status value="completed"/>
  <patient>
    <reference value="Patient/Bart"/>
  </patient>
  <relationship>
    <coding>
      <system value="http://ga4gh-cp.github.io/pedigree-fhir-ig/CodeSystem/PedigreeRelationships"/>
      <code value="REL:003"/>
    </coding>
  </relationship>
</FamilyMemberHistory>