{
  "resourceType": "FamilyMemberHistory",
  "id": "HomerAbeRelationship",
  "meta": {
    "profile": [
      "http://ga4gh-cp.github.io/pedigree-fhir-ig/StructureDefinition/PedigreeRelationship"
    ]
  },
  "text": {
    "status": "extensions",
    "div": "<div xmlns=\"http://www.w3.org/1999/xhtml\"><p><b>Generated Narrative</b></p><p><b>Patient Record</b>: <a href=\"Patient-Abe.html\">Generated Summary: id: 4; gender: female</a></p><p><b>identifier</b>: id: homer_abe</p><p><b>status</b>: completed</p><p><b>patient</b>: <a href=\"Patient-Homer.html\">Generated Summary: id: 2; gender: male</a></p><p><b>relationship</b>: <span title=\"Codes: {http://ga4gh-cp.github.io/pedigree-fhir-ig/CodeSystem/PedigreeRelationships REL:003}\">Biological parent</span></p></div>"
  },
  "extension": [
    {
      "url": "http://hl7.org/fhir/StructureDefinition/familymemberhistory-patient-record",
      "valueReference": {
        "reference": "Patient/Abe"
      }
    }
  ],
  "identifier": [
    {
      "system": "urn:fdc:sprinfieldlab.net:2021:id/relationship",
      "value": "homer_abe"
    }
  ],
  "status": "completed",
  "patient": {
    "reference": "Patient/Homer"
  },
  "relationship": {
    "coding": [
      {
        "system": "http://ga4gh-cp.github.io/pedigree-fhir-ig/CodeSystem/PedigreeRelationships",
        "code": "REL:003"
      }
    ]
  }
}