{
  "resourceType": "Patient",
  "id": "Homer",
  "meta": {
    "profile": [
      "http://ga4gh-cp.github.io/pedigree-fhir-ig/StructureDefinition/PedigreeIndividual"
    ]
  },
  "text": {
    "status": "extensions",
    "div": "<div xmlns=\"http://www.w3.org/1999/xhtml\"><p><b>Generated Narrative</b></p><p><b>lifeStatus</b>: <span title=\"Codes: {http://ga4gh-cp.github.io/pedigree-fhir-ig/CodeSystem/LifeStatus alive}\">Alive</span></p><p><b>identifier</b>: id: 2</p><p><b>gender</b>: male</p></div>"
  },
  "extension": [
    {
      "url": "http://ga4gh-cp.github.io/pedigree-fhir-ig/StructureDefinition/patient-lifeStatus",
      "valueCodeableConcept": {
        "coding": [
          {
            "system": "http://ga4gh-cp.github.io/pedigree-fhir-ig/CodeSystem/LifeStatus",
            "code": "alive"
          }
        ]
      }
    }
  ],
  "identifier": [
    {
      "system": "urn:fdc:sprinfieldlab.net:2021:id/patient",
      "value": "2"
    }
  ],
  "gender": "male"
}