{
  "resourceType": "Patient",
  "id": "Proband",
  "meta": {
    "profile": [
      "http://ga4gh-cp.github.io/pedigree-fhir-ig/StructureDefinition/PedigreeIndividual"
    ]
  },
  "text": {
    "status": "generated",
    "div": "<div xmlns=\"http://www.w3.org/1999/xhtml\"><p><b>Generated Narrative</b></p><p><b>identifier</b>: id: 3</p><p><b>gender</b>: female</p></div>"
  },
  "identifier": [
    {
      "system": "urn:fdc:labtec.genovic.org.au:2018:id/patient",
      "value": "3"
    }
  ],
  "gender": "female"
}