{
  "resourceType": "ValueSet",
  "id": "LifeStatus",
  "text": {
    "status": "generated",
    "div": "<div xmlns=\"http://www.w3.org/1999/xhtml\"><ul><li>Include all codes defined in <a href=\"CodeSystem-LifeStatus.html\"><code>http://ga4gh-cp.github.io/pedigree-fhir-ig/CodeSystem/LifeStatus</code></a></li></ul></div>"
  },
  "url": "http://ga4gh-cp.github.io/pedigree-fhir-ig/ValueSet/LifeStatus",
  "version": "0.1.0",
  "name": "LifeStatus",
  "title": "Life Status",
  "status": "active",
  "date": "2021-02-10T16:41:10+10:00",
  "publisher": "Global Alliance for Genomics and Health - Clinical and Phenotypic Data Capture Work Stream",
  "contact": [
    {
      "name": "Global Alliance for Genomics and Health - Clinical and Phenotypic Data Capture Work Stream",
      "telecom": [
        {
          "system": "url",
          "value": "https://www.ga4gh.org/work_stream/clinical-phenotypic-data-capture-2/"
        }
      ]
    }
  ],
  "description": "The presumed/accepted life status of the individual as of the pedigree collection date; one of: alive, deceased, unborn.",
  "copyright": "[Global Alliance for Genomics and Health](https://www.ga4gh.org)",
  "compose": {
    "include": [
      {
        "system": "http://ga4gh-cp.github.io/pedigree-fhir-ig/CodeSystem/LifeStatus"
      }
    ]
  }
}